[
	{
	  "de1": 2,
	  "de2": 1,
	  "lanceur": "Luc"
	},
	{
	  "de1": 3, 
	  "de2": 4, 
	  "lanceur": "Luc"
	},
	{
	  "de1": 4, 
	  "de2": 2, 
	  "lanceur": null
	},
	{
	  "de1": 1,
	  "de2": 3, 
	  "lanceur": "Luc"
	},
	{
	  "de1": 2, 
	  "de2": 5, 
	  "lanceur": "Luc"
	},
	{
	  "de1": 3, 
	  "de2": 4, 
	  "lanceur": "Kim"
	},
	{
	  "de1": 5,
	  "de2": null,
	  "lanceur": "Kim"
	},
	{
	  "de1": 6,
	  "de2": 2, 
	  "lanceur": "Kim"
	},
	{
	  "de1": 5, 
	  "de2": 5, 
	  "lanceur": "Kim"
	},
	{
	  "de1": 4,
	  "de2": 3,
	  "lanceur": "Kim"
	}
]
